,City,Cloudiness,Country,Date,Humidity,Lat,Lng,Max Temp,Wind Speed
0,Rikitea,80,PF,1554941954,100,-23.12,-134.97,75.96,21.16
1,Pevek,0,RU,1554941955,77,69.7,170.27,18.9,11.99
2,Albany,75,US,1554941901,45,42.65,-73.75,42.8,9.17
3,Vangaindrano,8,MG,1554941958,93,-23.35,47.6,70.29,2.71
4,Mataura,20,NZ,1554941406,69,-46.19,168.86,55.99,1.01
5,Lagoa,0,PT,1554941942,81,37.14,-8.45,53.6,12.75
6,Kiama,20,AU,1554941844,67,-34.67,150.86,66.0,4.7
7,Saint-Philippe,90,CA,1554941941,55,45.36,-73.48,37.4,3.36
8,Deer Lake,75,CA,1554940800,69,49.18,-57.43,33.8,5.82
9,Punta Arenas,75,CL,1554940346,75,-53.16,-70.91,46.4,6.93
10,Bredasdorp,8,ZA,1554941747,87,-34.53,20.04,62.01,3.36
11,Puerto del Rosario,75,ES,1554939000,63,28.5,-13.86,64.4,17.22
12,Hithadhoo,32,MV,1554941973,100,-0.6,73.08,83.61,2.93
13,Nikolskoye,75,RU,1554941736,94,59.7,30.79,32.0,6.71
14,Isangel,90,VU,1554940800,83,-19.55,169.27,84.2,3.36
15,Alexander City,1,US,1554941942,50,32.94,-85.95,78.8,2.71
16,Carutapera,48,BR,1554941980,95,-1.2,-46.02,78.21,3.71
17,New Norfolk,75,AU,1554941955,54,-42.78,147.06,60.01,8.05
18,Tautira,75,PF,1554940800,58,-17.73,-149.15,87.8,9.17
19,Gijon,75,ES,1554941756,87,43.54,-5.66,50.0,6.93
20,Zhigansk,92,RU,1554941986,89,66.77,123.37,31.5,9.98
21,Karratha,32,AU,1554941698,52,-20.74,116.85,84.96,3.49
22,Hermanus,0,ZA,1554941747,95,-34.42,19.24,62.01,3.6
23,Jamestown,0,AU,1554941835,50,-33.21,138.6,55.62,6.96
24,Caloundra,40,AU,1554941913,60,-26.8,153.14,77.0,10.29
25,Payo,92,ID,1554941995,93,-3.75,103.64,75.78,4.16
26,San Angelo,0,US,1554941736,15,31.46,-100.44,95.0,1.01
27,Luderitz,44,NA,1554941998,89,-26.65,15.16,56.7,10.42
28,Saskylakh,44,RU,1554942000,78,71.97,114.09,-1.35,10.09
29,Geraldton,20,CA,1554937200,50,49.72,-86.95,32.0,16.11
30,Chernyshevskiy,48,RU,1554942003,68,63.01,112.47,17.91,13.67
31,Warrnambool,68,AU,1554941532,81,-38.38,142.48,55.99,2.37
32,Longyearbyen,75,NO,1554940200,79,78.22,15.63,28.4,2.24
33,Boende,88,CD,1554942007,99,-0.28,20.88,71.1,0.13
34,Ushuaia,75,AR,1554937200,90,-54.81,-68.31,51.8,29.97
35,Nerchinskiy Zavod,0,RU,1554942010,37,51.31,119.61,35.91,5.84
36,Amurzet,36,CN,1554942012,77,47.69,131.09,42.12,8.86
37,Port Macquarie,90,AU,1554937200,68,-31.43,152.91,64.4,8.05
38,Chuy,0,UY,1554941993,72,-33.69,-53.46,71.46,16.46
39,Nioro,0,GM,1554942017,30,13.79,-15.05,83.79,9.98
40,Gawler,0,AU,1554942006,41,-34.6,138.75,63.0,11.41
41,Norman Wells,20,CA,1554937200,88,65.28,-126.83,32.0,9.17
42,Hobart,75,AU,1554942021,54,-42.88,147.33,60.01,8.05
43,Pangnirtung,24,CA,1554942024,95,66.15,-65.72,12.6,9.53
44,Katsuura,20,JP,1554941466,62,33.93,134.5,52.0,17.22
45,Upernavik,68,GL,1554942027,100,72.79,-56.15,16.02,18.92
46,Port Pirie,0,AU,1554937200,47,-33.18,138.01,59.0,3.36
47,Grand Bank,90,CA,1554940800,89,47.1,-55.77,32.0,13.87
48,Port Elizabeth,1,US,1554942032,43,39.31,-74.98,59.0,6.73
49,Vao,88,EE,1554942034,79,59.1,26.19,29.52,7.63
50,Opuwo,36,NA,1554942035,69,-18.06,13.84,64.35,1.36
51,Hanzhong,0,CN,1554942037,82,33.08,107.03,48.15,3.15
52,Kodiak,1,US,1554942031,44,39.95,-94.76,82.4,10.29
53,Thompson,75,CA,1554937200,27,55.74,-97.86,39.2,4.7
54,Leningradskiy,8,RU,1554942043,94,69.38,178.42,2.79,18.7
55,Imbituba,0,BR,1554937200,83,-28.24,-48.67,69.8,7.74
56,Faanui,68,PF,1554942047,100,-16.48,-151.75,81.9,7.96
57,San Jeronimo,36,PE,1554942049,91,-13.65,-73.37,46.98,0.92
58,Lasa,40,CY,1554940200,76,34.92,32.53,57.2,2.24
59,Great Yarmouth,0,GB,1554941885,69,52.61,1.73,42.01,8.05
60,Port Alfred,0,ZA,1554941799,95,-33.59,26.89,62.01,1.01
61,Houston,1,US,1554941753,47,29.76,-95.37,82.99,4.7
62,Ca Mau,80,VN,1554942057,97,9.18,105.15,79.83,5.28
63,Cape Town,75,ZA,1554941766,93,-33.93,18.42,63.0,1.12
64,Havelock,1,US,1554942002,42,34.88,-76.9,66.2,6.93
65,Aklavik,20,CA,1554937200,57,68.22,-135.01,19.4,2.24
66,Atuona,76,PF,1554942064,100,-9.8,-139.03,81.27,10.42
67,Kruisfontein,0,ZA,1554942066,81,-34.0,24.73,61.92,5.06
68,Avarua,12,CK,1554940800,74,-21.21,-159.78,80.6,11.41
69,Palmerston,75,CA,1554941882,48,43.83,-80.85,41.0,10.29
70,Tayu,20,JP,1554942056,54,35.06,136.67,59.0,28.86
71,Kapaa,40,US,1554941794,61,22.08,-159.32,82.4,18.34
72,Vallenar,0,CL,1554942075,91,-28.58,-70.76,57.69,1.03
73,Saint George,20,GR,1554940200,71,39.45,22.34,55.4,4.7
74,Cabo San Lucas,5,MX,1554941797,19,22.89,-109.91,91.0,9.98
75,Omboue,92,GA,1554942081,100,-1.57,9.26,83.43,5.39
76,Khatanga,64,RU,1554942083,77,71.98,102.47,-0.72,9.75
77,Lebu,12,ET,1554942084,80,8.96,38.73,52.11,3.94
78,Karpathos,0,GR,1554940200,76,35.51,27.21,57.2,2.24
79,Carnarvon,0,ZA,1554942087,62,-30.97,22.13,56.79,10.31
80,Moose Factory,90,CA,1554937200,73,51.26,-80.61,21.2,9.17
81,Georgetown,40,GY,1554937200,83,6.8,-58.16,80.6,11.41
82,Hofn,92,IS,1554942126,99,64.25,-15.21,40.23,3.6
83,Kaeo,92,NZ,1554942128,100,-35.1,173.78,62.37,15.79
84,Ulladulla,20,AU,1554941802,67,-35.36,150.48,63.0,4.7
85,San Ramon,75,NI,1554941970,65,12.92,-85.84,77.0,1.48
86,Yellowknife,40,CA,1554940324,45,62.45,-114.38,48.2,2.24
87,Ancud,90,CL,1554937200,81,-41.87,-73.83,50.0,10.29
88,Torbay,90,CA,1554941903,85,47.66,-52.73,35.01,8.05
89,Hilo,75,US,1554941964,69,19.71,-155.08,77.0,3.36
90,Qaanaaq,56,GL,1554942146,87,77.48,-69.36,11.43,3.38
91,Dhidhdhoo,0,MV,1554942148,100,6.88,73.1,84.6,2.71
92,Mahebourg,40,MU,1554940800,88,-20.41,57.7,77.0,6.93
93,Iqaluit,20,CA,1554942122,77,63.75,-68.52,3.2,23.04
94,Bethel,1,US,1554940560,43,60.79,-161.76,50.0,10.29
95,Cherskiy,0,RU,1554942163,75,68.75,161.3,24.48,2.59
96,Vaini,0,IN,1554942179,90,15.34,74.49,65.52,0.13
97,Sioux Lookout,40,CA,1554937200,45,50.1,-91.92,32.0,6.93
98,Airai,32,TL,1554942183,88,-8.93,125.41,74.7,1.92
99,Pacifica,20,US,1554941957,49,37.61,-122.49,70.0,13.87
100,Twentynine Palms,1,US,1554942003,5,34.14,-116.05,87.8,29.97
101,Busselton,92,AU,1554942184,65,-33.64,115.35,64.0,9.64
102,Kutum,0,SD,1554942192,25,14.2,24.66,69.12,8.86
103,Ayat,12,ET,1554942195,80,9.03,38.85,52.11,3.94
104,Antalaha,20,MG,1554942199,95,-14.9,50.28,76.32,8.41
105,Dicabisagan,12,PH,1554942201,97,17.08,122.42,79.47,5.5
106,Laguna,5,MX,1554939840,29,27.52,-110.01,78.8,11.41
107,Coquimbo,0,CL,1554937200,82,-29.95,-71.34,59.0,5.82
108,Butaritari,80,KI,1554942206,100,3.07,172.79,81.09,11.99
109,Dikson,64,RU,1554942208,100,73.51,80.55,8.73,9.42
110,Vardo,20,US,1554942200,33,39.62,-77.74,61.0,6.93
111,Hasaki,20,JP,1554941542,66,35.73,140.83,50.0,20.8
112,Sao Jose da Coroa Grande,20,BR,1554942213,91,-8.9,-35.15,77.49,5.73
113,Rodrigues Alves,0,BR,1554940800,88,-7.74,-72.65,78.8,3.27
114,Bjornevatn,80,NO,1554940200,77,69.67,29.98,32.0,19.46
115,Shimoda,75,JP,1554942012,62,34.7,138.93,57.2,12.75
116,Sikonge,20,TZ,1554937200,100,-5.63,32.75,66.2,1.7
117,East London,0,ZA,1554942222,96,-33.02,27.91,74.43,24.52
118,Nanortalik,32,GL,1554942223,90,60.14,-45.24,33.66,16.02
119,Baghdad,0,IQ,1554940800,68,33.3,44.38,68.0,8.05
120,Ostrovnoy,68,RU,1554942063,86,68.05,39.51,18.72,7.4
121,Gerede,24,TR,1554942229,94,40.8,32.2,35.37,4.61
122,Castro,90,CL,1554940800,81,-42.48,-73.76,50.0,8.05
123,Sitka,12,US,1554942233,16,37.17,-99.65,84.87,32.01
124,Talcahuano,0,CL,1554940800,82,-36.72,-73.12,59.0,11.41
125,Xiongyue,20,CN,1554942236,36,40.18,122.12,48.87,3.15
126,Vestmannaeyjar,12,IS,1554942238,89,63.44,-20.27,41.49,19.26
127,Esperance,20,TT,1554942008,83,10.24,-61.45,80.01,6.93
128,Bilibino,0,RU,1554942242,70,68.06,166.44,20.16,3.15
129,Hede,32,SE,1554942198,92,60.45,15.49,26.01,6.93
130,Forestville,75,CA,1554937200,55,48.74,-69.09,35.6,8.05
131,Khash,48,IR,1554942246,59,28.22,61.21,58.23,6.73
132,Valleyview,56,CA,1554942247,55,55.07,-117.28,51.3,4.61
133,Yar-Sale,0,RU,1554942249,75,66.83,70.83,5.58,12.44
134,Conceicao das Alagoas,36,BR,1554942038,82,-19.91,-48.39,70.92,5.5
135,Narsaq,0,GL,1554940200,36,60.91,-46.05,44.6,20.8
136,Micheweni,80,TZ,1554942254,100,-4.97,39.83,79.92,5.06
137,Pontianak,75,ID,1554939000,94,-0.02,109.34,77.0,4.7
138,Takoradi,8,GH,1554942257,97,4.89,-1.75,81.72,6.73
139,Tasiilaq,92,GL,1554940200,90,65.61,-37.64,37.4,29.97
140,Karlshamn,56,SE,1554940881,69,56.17,14.86,33.01,5.82
141,Kyshtovka,12,RU,1554942262,80,56.56,76.62,23.22,9.08
142,Les Cayes,0,HT,1554942264,99,18.19,-73.75,79.02,9.64
143,Puerto Ayora,75,EC,1554940803,78,-0.74,-90.35,80.6,12.75
144,Salalah,20,OM,1554940200,78,17.01,54.1,78.8,2.24
145,Alpena,1,US,1554941975,40,45.06,-83.43,36.0,5.82
146,Bluff,0,AU,1554942271,52,-23.58,149.07,78.39,12.77
147,Kahului,40,US,1554942044,51,20.89,-156.47,84.2,26.4
148,Aden,8,YE,1554942275,98,12.79,45.03,80.64,17.69
149,Salina,1,US,1554942272,30,36.29,-95.15,84.0,19.46
150,Comodoro Rivadavia,0,AR,1554940800,71,-45.87,-67.48,50.0,10.2
151,Pundaguitan,48,PH,1554942280,99,6.37,126.17,81.54,4.61
152,Pocoes,0,BR,1554940800,83,-14.53,-40.37,73.4,6.93
153,Cockburn Town,20,TC,1554942283,95,21.46,-71.14,80.1,8.19
154,Maumere,32,ID,1554942284,100,-8.63,122.22,80.82,1.48
155,Foso,0,GH,1554942286,92,5.7,-1.29,75.24,4.16
156,Seoul,90,KR,1554941400,93,37.57,126.98,48.2,4.7
157,Mar del Plata,0,AR,1554942289,84,-46.43,-67.52,49.59,6.96
158,Khani,75,GE,1554940800,87,41.96,42.96,51.8,2.24
159,Mincivan,12,AZ,1554942292,70,39.03,46.72,44.28,3.15
160,Vrangel,0,RU,1554942296,84,42.73,133.08,41.31,4.94
161,Victoria,75,BN,1554939000,88,5.28,115.24,80.6,4.5
162,Chokurdakh,0,RU,1554942300,100,70.62,147.9,11.16,5.61
163,Alofi,40,NU,1554940800,70,-19.06,-169.92,86.0,8.05
164,Anadyr,0,RU,1554942147,85,64.73,177.51,12.2,8.95
165,Libreville,40,GA,1554940800,83,0.39,9.45,84.2,6.93
166,Darhan,8,MN,1554942082,44,49.49,105.92,36.9,7.96
167,La Tuque,68,CA,1554942308,61,47.44,-72.79,29.79,7.18
168,Dukat,92,RS,1554942155,91,42.44,22.31,48.0,1.99
169,Faya,0,SA,1554940800,51,18.39,42.45,64.4,2.48
170,Toyoshina,75,JP,1554942105,69,36.3,137.9,45.0,12.75
171,Kuryk,12,KZ,1554942314,76,43.18,51.68,54.27,8.63
172,Saiha,0,IN,1554942316,92,22.49,92.98,63.0,1.48
173,Yeppoon,75,AU,1554939000,57,-23.13,150.74,80.6,16.11
174,Roald,0,NO,1554942303,68,62.58,6.12,33.01,6.93
175,Barrow,92,AR,1554942320,92,-38.31,-60.23,58.32,10.65
176,Lata,0,IN,1554942322,67,30.78,78.62,45.45,2.93
177,Tadine,92,NC,1554942324,100,-21.55,167.88,74.7,7.4
178,Mulchen,0,CL,1554942325,83,-37.72,-72.23,53.1,5.06
179,Iturama,0,BR,1554942328,74,-19.73,-50.2,74.43,4.38
180,Takab,44,IR,1554942329,84,36.4,47.11,33.21,2.93
181,Ballina,80,IE,1554942127,76,54.11,-9.15,48.0,7.0
182,Saldanha,0,PT,1554942332,84,41.42,-6.55,36.0,4.72
183,Atar,0,MR,1554942334,21,20.52,-13.05,62.64,7.18
184,Kedrovyy,0,RU,1554940800,49,56.17,91.82,24.8,11.18
185,Paamiut,48,GL,1554942339,68,61.99,-49.67,40.68,13.78
186,Jining,76,CN,1554942341,85,35.41,116.58,50.58,4.38
187,Nipawin,1,CA,1554940800,64,53.36,-104.02,37.4,5.82
188,Provideniya,75,RU,1554940800,73,64.42,-173.23,21.2,11.18
189,Taltal,0,CL,1554942347,96,-25.41,-70.49,59.04,2.15
190,Petropavlovsk-Kamchatskiy,75,RU,1554940800,64,53.05,158.65,33.8,4.47
191,Kirakira,80,SB,1554942350,100,-10.46,161.92,83.79,11.99
192,Landerneau,44,FR,1554942185,86,48.45,-4.26,46.99,3.36
193,Pisco,0,PE,1554940800,73,-13.71,-76.2,69.8,16.11
194,Itarema,32,BR,1554942355,93,-2.92,-39.92,77.49,4.27
195,Ovalle,0,CL,1554942122,90,-30.6,-71.2,59.13,2.93
196,Clyde River,75,CA,1554940800,84,70.47,-68.59,5.0,1.7
197,Arraial do Cabo,92,BR,1554942359,97,-22.97,-42.02,75.87,9.75
198,Muros,40,ES,1554942358,100,42.77,-9.06,48.99,4.7
199,Dunedin,44,NZ,1554942079,67,-45.87,170.5,57.0,5.99
200,Itaituba,0,BR,1554942364,93,-4.26,-55.99,76.59,1.92
201,Mandali,8,IQ,1554942366,52,33.75,45.55,63.72,4.38
202,Richards Bay,0,ZA,1554942368,99,-28.77,32.06,64.44,2.37
203,Kavieng,80,PG,1554942370,100,-2.57,150.8,83.79,1.92
204,Arlit,0,NE,1554942371,25,18.74,7.39,65.88,3.71
205,Romny,56,UA,1554942373,75,50.74,33.49,50.4,7.63
206,Seminole,90,US,1554942022,8,32.72,-102.64,84.2,33.33
207,Havre-Saint-Pierre,75,CA,1554940800,55,50.23,-63.6,37.4,14.99
208,Dwarka,20,IN,1554940800,53,28.58,77.04,77.0,3.71
209,Verkhniy Kurkuzhin,90,RU,1554940800,87,43.69,43.28,50.0,4.47
210,Honningsvag,92,NO,1554942135,98,70.98,25.97,33.75,20.38
211,Novyy Urengoy,48,RU,1554942382,75,66.08,76.63,5.49,8.19
212,Junin,0,PE,1554940800,62,-16.45,-71.58,57.2,2.48
213,Haines Junction,8,CA,1554942385,48,60.75,-137.51,38.52,2.93
214,Taoudenni,0,ML,1554942387,25,22.68,-3.98,62.73,10.65
215,Pitkyaranta,88,RU,1554942389,82,61.57,31.48,27.54,7.85
216,Port Hardy,75,CA,1554939000,93,50.7,-127.42,44.6,3.36
217,Prado,88,BR,1554942277,100,-17.34,-39.22,77.13,4.16
218,Nhulunbuy,40,AU,1554939000,66,-12.18,136.78,84.2,11.41
219,San Patricio,56,PY,1554942395,77,-26.98,-56.83,72.63,3.83
220,Thinadhoo,36,MV,1554942397,100,0.53,72.93,83.43,3.27
221,Goksun,20,TR,1554940200,81,38.02,36.5,48.2,3.36
222,Tashtagol,0,RU,1554942400,69,52.76,87.85,14.22,2.26
223,Severo-Kurilsk,76,RU,1554942402,98,50.68,156.12,30.87,3.6
224,Grindavik,90,IS,1554942118,81,63.84,-22.43,45.0,27.51
225,North Bend,90,US,1554942334,87,43.41,-124.22,51.8,8.05
226,Saint Anthony,90,US,1554942328,42,43.97,-111.68,46.4,12.75
227,Anqiu,80,CN,1554942408,47,36.48,119.21,48.87,4.5
228,Vanavara,64,RU,1554942410,50,60.35,102.28,15.75,11.99
229,Lorengau,12,PG,1554942411,98,-2.02,147.27,83.79,3.38
230,Bambous Virieux,40,MU,1554940800,88,-20.34,57.76,77.0,6.93
231,Novyy Urgal,0,RU,1554942414,53,51.07,132.56,41.04,3.94
232,Anqing,76,CN,1554942416,99,30.51,117.04,52.38,9.98
233,Severomuysk,76,RU,1554942417,74,56.17,113.57,23.85,3.6
234,Caravelas,88,BR,1554942419,100,-17.73,-39.27,79.65,9.86
235,Kristianstad,80,SE,1554941708,100,56.03,14.16,33.01,2.24
236,Volkhov,88,RU,1554942130,98,59.92,32.34,30.0,4.72
237,Lucea,75,JM,1554941817,74,18.44,-78.17,80.6,4.7
238,Nogales,1,US,1554942365,7,31.34,-110.94,66.0,18.34
239,Khuzdar,12,PK,1554942427,84,27.8,66.62,55.35,3.38
240,San Quintin,0,PH,1554942429,84,17.54,120.52,79.02,3.71
241,Souillac,90,FR,1554942345,93,45.6,-0.6,48.99,6.93
242,Byron Bay,90,AU,1554942142,82,-28.65,153.62,73.99,13.87
243,Jimenez,40,PA,1554940800,94,8.54,-82.37,75.2,4.7
244,Satipo,8,PE,1554942435,74,-11.26,-74.64,70.83,1.81
245,Ribeira Grande,92,PT,1554942437,97,38.52,-28.7,62.37,15.46
246,Sobolevo,20,RU,1554942438,78,54.43,31.9,26.64,2.93
247,Ponta do Sol,56,BR,1554942440,87,-20.63,-46.0,66.24,5.17
248,Labuhan,80,ID,1554942442,90,-2.54,115.51,76.86,3.15
249,Broken Hill,0,AU,1554940800,38,-31.97,141.45,60.8,12.75
250,Lakatoro,92,VU,1554942445,91,-16.11,167.42,83.52,3.71
251,Shebalino,64,RU,1554942447,82,51.29,85.68,22.14,2.15
252,Saint-Joseph,0,FR,1554942027,93,43.56,6.97,51.8,4.7
253,Dickinson,90,US,1554942107,58,46.88,-102.79,30.99,17.22
254,Fairbanks,90,US,1554942143,58,64.84,-147.72,54.0,9.17
255,Altamira,56,BR,1554942453,94,-3.2,-52.21,75.6,2.48
256,Rosa Zarate,56,EC,1554942455,85,0.33,-79.47,78.12,3.38
257,Piacabucu,8,BR,1554942456,74,-10.41,-36.43,80.73,9.75
258,Yarega,92,RU,1554942458,95,63.43,53.58,33.12,6.96
259,Buala,80,SB,1554942460,88,-8.15,159.59,83.7,12.66
260,Te Anau,36,NZ,1554942461,85,-45.41,167.72,48.15,3.6
261,Simao,0,CN,1554942463,77,22.76,100.79,58.23,2.15
262,General Roca,0,AR,1554940800,55,-39.03,-67.58,66.2,6.93
263,Linares,0,CL,1554942466,71,-35.85,-71.6,50.4,2.37
264,Jumla,0,NP,1554942467,77,29.28,82.18,29.97,2.59
265,Nova Soure,12,BR,1554942469,77,-11.24,-38.48,78.12,8.75
266,Chelno-Vershiny,24,RU,1554942470,76,54.42,51.08,40.32,7.18
267,Rio Gallegos,0,AR,1554940800,76,-51.62,-69.22,50.0,23.04
268,Ugoofaaru,0,MV,1554942473,100,5.67,73.0,84.87,3.04
269,Cayenne,40,GF,1554940800,83,4.94,-52.33,78.8,3.36
270,Cidreira,0,BR,1554942476,84,-30.17,-50.22,69.75,13.0
271,Oktyabrskoye,0,RU,1554942331,72,56.73,85.44,25.0,4.47
272,Vilyuysk,76,RU,1554942479,77,63.75,121.63,34.92,6.73
273,Alta Floresta,56,BR,1554942481,92,-9.87,-56.08,76.5,2.15
274,Kihei,40,US,1554942276,51,20.76,-156.45,84.2,26.4
275,Sinnamary,92,GF,1554942484,100,5.38,-52.96,78.57,9.86
276,Fukue,20,JP,1554942356,54,35.03,136.69,59.0,28.86
277,Nobeoka,8,JP,1554942395,77,32.66,131.66,48.0,1.01
278,Bud,0,NO,1554941806,58,62.91,6.91,32.0,6.93
279,Esna,92,RO,1554942491,98,45.2,27.57,52.02,3.15
280,Tignere,32,CM,1554942493,87,7.37,12.65,64.17,3.15
281,Ingham,8,AU,1554942494,86,-18.65,146.16,79.83,11.65
282,Joshimath,8,IN,1554942496,96,30.57,79.57,9.99,1.48
283,Vostok,76,RU,1554942497,61,46.45,135.83,37.8,2.15
284,Touros,20,BR,1554940800,88,-5.2,-35.46,78.8,4.7
285,Zhangjiakou,88,CN,1554942500,94,40.77,114.88,34.74,3.94
286,Eyl,88,SO,1554942502,100,7.98,49.82,79.65,6.17
287,Saint-Denis,0,FR,1554942455,70,48.94,2.36,48.0,9.17
288,Bastia,0,IT,1554942487,76,44.6,8.98,53.6,5.82
289,Kaitangata,12,NZ,1554942458,67,-46.28,169.85,55.0,4.0
290,Ahipara,68,NZ,1554942509,100,-35.17,173.16,62.19,14.0
291,Gushikawa,90,JP,1554942147,73,26.35,127.87,69.8,3.36
292,Kualakapuas,20,ID,1554940800,94,-3.01,114.39,80.6,4.7
293,Shingu,40,JP,1554940800,50,33.72,135.99,55.4,18.34
294,Maceio,0,BR,1554940800,83,-9.67,-35.74,77.0,4.7
295,Bom Jesus,20,BR,1554940800,88,-5.99,-35.58,80.6,4.7
296,Aspindza,32,GE,1554942519,91,41.57,43.25,32.22,2.93
297,Tessalit,0,ML,1554942520,24,20.2,1.01,55.98,3.38
298,Husavik,0,CA,1554942292,32,50.56,-96.99,41.0,7.0
299,Birao,12,CF,1554942524,48,10.3,22.78,82.53,13.0
300,Changde,92,CN,1554942525,100,29.04,111.68,50.13,4.16
301,Vanimo,76,PG,1554942527,100,-2.67,141.3,79.56,1.14
302,Am Timan,12,TD,1554942529,43,11.04,20.28,79.92,9.42
303,Kathmandu,75,NP,1554942000,93,27.71,85.32,59.0,3.36
304,Gucheng,36,CN,1554942532,100,32.27,111.65,46.53,4.05
305,Benghazi,0,LY,1554942484,87,32.12,20.07,65.7,17.69
306,Hovd,0,NO,1554942517,62,63.83,10.7,30.0,8.05
307,Dzilam Gonzalez,0,MX,1554942537,34,21.28,-88.93,84.42,4.61
308,Bajil,0,ES,1554942538,76,38.23,-2.07,45.0,9.98
309,General Higinio Morinigo,24,PY,1554942540,87,-25.95,-55.92,70.92,1.92
310,Henties Bay,8,NA,1554940922,93,-22.12,14.28,57.0,3.94
311,Bonthe,0,SL,1554942544,89,7.53,-12.5,80.46,5.17
312,Honiara,92,SB,1554942546,100,-9.43,159.96,78.03,2.93
313,Greenwood,0,US,1554942391,11,32.03,-101.9,91.4,23.04
314,Baruun-Urt,0,MN,1554942550,33,46.68,113.28,33.39,12.33
315,Hamilton,90,BM,1554941739,94,32.3,-64.78,71.6,17.22
316,Kapit,88,MY,1554942553,94,2.02,112.94,74.25,2.71
317,Talnakh,56,RU,1554942555,88,69.49,88.39,7.83,8.52
318,Half Moon Bay,40,US,1554942546,51,37.46,-122.43,71.01,25.28
319,Antofagasta,40,CL,1554940800,77,-23.65,-70.4,62.6,8.05
320,Rincon,75,US,1554942249,82,32.3,-81.24,75.2,9.17
321,Assiniboia,44,CA,1554942563,69,49.63,-105.99,40.68,9.42
322,Pacific Grove,20,US,1554942561,62,36.62,-121.92,72.0,10.29
323,Bukan,32,IR,1554942274,94,36.52,46.21,43.02,4.61
324,Nabire,8,ID,1554942568,84,-3.36,135.5,77.67,1.48
325,Juegang,76,CN,1554942267,72,32.31,121.18,51.01,7.74
326,Puerto Madryn,0,AR,1554942402,93,-42.77,-65.04,56.52,8.3
327,Dakar,0,SN,1554940800,88,14.69,-17.45,68.0,9.17
328,Adrar,0,DZ,1554937200,15,27.87,-0.29,69.8,8.05
329,San Lorenzo,0,PY,1554940800,83,-25.34,-57.51,71.6,3.6
330,Ahtopol,90,BG,1554941737,100,42.1,27.94,50.0,6.93
331,Mackenzie,20,CA,1554937200,48,55.34,-123.09,44.6,5.82
332,Lujan,0,AR,1554942583,56,-46.57,-67.67,50.85,11.21
333,Necochea,80,AR,1554942369,94,-38.55,-58.74,58.86,11.65
334,Tevaitoa,64,PF,1554942587,100,-16.78,-151.5,82.89,10.87
335,Monte Alegre,88,BR,1554942589,95,-2.0,-54.07,74.79,1.59
336,Nome,1,US,1554942583,61,30.04,-94.42,77.0,10.29
337,Berlevag,92,NO,1554942592,100,70.86,29.09,33.93,15.68
338,Ilulissat,20,GL,1554940200,79,69.22,-51.1,26.6,3.36
339,Kafanchan,20,NG,1554942596,90,9.58,8.3,69.75,2.59
340,Coihaique,0,CL,1554940800,81,-45.58,-72.07,50.0,3.36
341,Surt,12,LY,1554942599,67,31.21,16.59,62.37,12.1
342,Swan River,64,CA,1554942601,66,52.11,-101.27,33.12,6.73
343,Estrela,48,BR,1554942516,94,-29.5,-51.96,66.0,2.93
344,Lieksa,88,FI,1554942606,70,63.32,30.02,25.92,8.41
345,Todos Santos,5,MX,1554941797,14,23.45,-110.23,91.0,10.29
346,Oksovskiy,80,RU,1554942610,98,62.61,39.91,32.22,6.73
347,Sorland,0,NO,1554942612,100,67.67,12.69,33.39,1.7
348,Turtas,56,RU,1554942614,84,58.94,69.13,29.7,3.15
349,Longonjo,56,AO,1554942615,97,-12.91,15.25,60.3,2.04
350,Jagdalpur,0,IN,1554942617,75,19.09,82.02,68.22,7.63
351,Yilan,75,TW,1554942580,78,24.75,121.75,75.0,13.87
352,Khandbari,12,NP,1554942620,66,27.38,87.21,33.3,1.7
353,Port Lincoln,0,AU,1554942529,95,-34.72,135.86,61.92,10.2
354,Palmer,0,AU,1554942604,39,-34.85,139.16,64.0,10.29
355,Flinders,40,AU,1554942617,55,-34.58,150.85,66.99,5.82
356,San Cristobal,75,EC,1554942621,93,-0.39,-78.55,59.0,5.82
357,Port Hawkesbury,90,CA,1554942624,79,45.62,-61.36,30.99,8.05
358,Ukiah,1,US,1554942627,42,39.15,-123.21,69.01,11.41
359,Port-Gentil,40,GA,1554937200,83,-0.72,8.78,84.2,5.82
360,Yeniseysk,36,RU,1554942634,68,58.45,92.17,20.43,6.96
361,Aksay,0,RU,1554940800,87,47.27,39.86,51.8,2.24
362,Mouila,88,GA,1554942637,98,-1.86,11.06,75.69,2.26
363,Lompoc,1,US,1554942635,55,34.64,-120.46,71.6,18.34
364,Melilla,40,EC,1554940800,69,-0.8,-80.23,80.6,5.82
365,Lavrentiya,0,RU,1554942643,100,65.58,-170.99,17.55,5.5
366,Khartoum,0,SD,1554942645,32,15.59,32.54,70.47,4.94
367,Lafiagi,64,NG,1554942646,65,8.85,5.42,83.43,6.29
368,Vuktyl,92,RU,1554942648,82,63.86,57.31,27.36,7.4
369,Coracora,80,PE,1554942650,92,-15.02,-73.78,45.63,2.15
370,Egvekinot,0,RU,1554942555,80,66.32,-179.17,9.18,3.6
371,Hammerfest,75,NO,1554940200,74,70.66,23.68,33.8,34.45
372,Menomonie,90,US,1554942645,76,44.88,-91.92,36.0,6.93
373,Klaksvik,64,FO,1554940200,98,62.23,-6.59,39.2,11.41
374,Sarangani,0,PH,1554942659,95,5.4,125.46,82.62,12.44
375,Batagay-Alyta,64,RU,1554942660,81,67.8,130.41,16.92,3.83
376,Pucallpa,40,PE,1554940800,66,-8.38,-74.54,84.2,3.36
377,Noto,20,IT,1554942619,76,36.89,15.07,54.0,8.05
378,Pachino,64,IT,1554942619,83,36.72,15.09,45.0,8.01
379,Eureka,20,US,1554942476,71,40.8,-124.16,55.4,17.22
380,La Rioja,20,AR,1554942671,68,-29.41,-66.86,67.95,4.94
381,Kabare,88,RW,1554942672,100,-1.65,29.38,58.95,2.26
382,Kishi,20,NG,1554942674,63,9.08,3.85,80.55,9.64
383,Centralia,1,US,1554942625,34,39.21,-92.14,82.4,18.34
384,Sabla,0,NG,1554942677,57,12.75,4.71,76.5,3.15
385,Mount Pleasant,1,US,1554942670,37,33.16,-94.97,84.99,14.99
386,Illela,0,NG,1554942681,57,12.39,4.75,76.5,3.15
387,Constitucion,5,MX,1554942615,7,23.99,-104.67,80.6,20.8
388,Gizo,0,IL,1554942656,82,31.8,34.94,55.4,4.7
389,Dengzhou,36,CN,1554942686,99,32.69,112.08,48.15,4.5
390,Madera,1,US,1554942685,25,36.96,-120.06,73.4,13.87
391,Aranos,12,NA,1554942689,81,-24.14,19.11,60.93,8.63
392,Tomatlan,0,MX,1554942691,55,19.93,-105.25,80.55,4.16
393,Port Hedland,40,AU,1554940800,70,-20.31,118.58,86.0,6.93
394,Kishorganj,0,BD,1554942694,95,24.43,90.77,65.07,5.84
395,Santa Cruz,1,US,1554942459,49,36.97,-122.03,72.0,12.75
396,Vilcun,0,CL,1554942687,93,-38.65,-72.23,53.01,4.7
397,Beberibe,40,BR,1554940800,83,-4.18,-38.13,82.4,5.82
398,Beringovskiy,68,RU,1554942703,100,63.05,179.32,21.33,14.0
399,Rawlins,90,US,1554942643,73,41.79,-107.24,28.4,16.11
400,Weyburn,44,CA,1554942513,69,49.67,-103.85,28.99,15.01
401,Mount Gambier,90,AU,1554940800,54,-37.83,140.78,57.2,5.82
402,Bull Savanna,20,JM,1554942710,69,17.89,-77.59,76.05,4.16
403,Lagoa Santa,0,BR,1554940800,77,-19.64,-43.9,73.4,10.29
404,Poum,8,MK,1554942713,96,41.28,20.71,37.26,2.04
405,Zaysan,56,KZ,1554942714,67,47.47,84.87,36.27,5.06
406,Esmeralda,0,CL,1554937200,55,-34.33,-70.9,64.4,5.82
407,Fortuna,0,ES,1554942686,50,38.18,-1.13,57.99,12.75
408,Luanda,20,AO,1554940800,88,-8.83,13.24,78.8,6.93
409,Northam,0,GB,1554942674,93,51.04,-4.21,39.99,4.7
410,Yaring,20,TH,1554940800,94,6.87,101.37,78.8,3.27
411,Tiksi,44,RU,1554942725,81,71.64,128.87,12.87,3.83
412,Teavaro,75,PF,1554942143,58,-17.5,-149.77,87.8,9.17
413,Muisne,0,EC,1554937200,78,0.61,-80.02,82.4,5.82
414,Ifanadiana,24,MG,1554942730,95,-21.3,47.64,66.06,2.48
415,Belaya Gora,36,RU,1554942732,96,68.54,146.19,20.7,5.39
416,Bathsheba,75,BB,1554940800,69,13.22,-59.52,78.8,17.22
417,La Ronge,40,CA,1554940800,52,55.1,-105.3,41.0,12.75
418,Hellin,0,ES,1554942615,93,38.51,-1.7,46.0,3.36
419,Belle Fourche,90,US,1554942604,92,44.67,-103.85,23.0,7.52
420,Spirit River,75,CA,1554942737,36,55.78,-118.84,53.01,6.93
421,Leh,36,IN,1554942520,82,34.16,77.58,0.36,1.03
422,Cocorit,5,MX,1554939840,29,27.57,-109.96,78.8,11.41
423,Oistins,75,BB,1554940800,69,13.07,-59.53,78.8,17.22
424,Margate,75,AU,1554942621,50,-43.03,147.26,60.01,6.93
425,Conde,8,BR,1554942748,88,-11.81,-37.61,81.09,8.86
426,Shache,0,CN,1554942610,43,38.42,77.24,60.01,3.49
427,Sal Rei,40,CV,1554940800,73,16.18,-22.92,69.8,13.87
428,Hambantota,20,LK,1554941400,100,6.12,81.12,77.0,2.24
429,Molochnoye,20,UA,1554942754,89,44.91,34.04,41.94,2.59
430,Mareeba,40,AU,1554942725,61,-16.99,145.42,82.4,14.99
431,Jacareacanga,44,BR,1554942757,89,-6.22,-57.76,77.49,1.92
432,Port Hope,1,CA,1554942693,44,43.95,-78.29,39.99,8.05
433,Pio XII,44,BR,1554942762,84,-3.89,-45.17,79.74,4.5
434,Weligama,20,LK,1554942748,100,5.97,80.42,79.2,4.94
435,Wajid,0,SO,1554942765,68,3.81,43.25,77.13,10.42
436,Waingapu,32,ID,1554942766,91,-9.65,120.26,76.86,3.94
437,Cravo Norte,64,CO,1554942768,68,6.3,-70.2,84.15,6.85
438,Sept-Iles,75,CA,1554940800,44,50.2,-66.38,39.2,13.87
439,Oussouye,0,SN,1554940800,69,12.49,-16.54,82.4,9.17
440,Tulle,90,FR,1554942614,81,45.27,1.77,46.0,5.82
441,Sakata,75,JP,1554940800,87,38.92,139.93,42.8,5.82
442,Navlya,20,RU,1554942775,82,52.83,34.5,46.62,10.31
443,Wittlich,1,DE,1554942733,69,49.98,6.89,43.0,10.29
444,Kamenka,32,RU,1554941575,55,53.19,44.05,52.0,11.1
445,Zhanaozen,0,KZ,1554942780,76,43.35,52.85,49.59,3.71
446,Nantucket,1,US,1554942761,60,41.28,-70.1,41.0,16.11
447,Back Mountain,1,US,1554942683,60,41.34,-76.0,46.99,9.17
448,Balfour,92,CA,1554942786,88,49.62,-116.96,34.29,1.81
449,Bowen,75,AU,1554942776,74,-20.01,148.25,80.01,17.22
450,Trinidad,32,UY,1554942789,65,-33.52,-56.9,65.52,4.16
451,Saint-Pierre,20,FR,1554942724,81,48.95,4.24,46.4,10.29
452,Campbell River,75,CA,1554941749,62,50.02,-125.24,51.8,1.7
453,Dezful,20,IR,1554942681,80,32.38,48.4,55.71,2.93
454,Guerrero Negro,0,MX,1554942796,23,27.97,-114.04,77.31,15.46
455,Diu,0,IN,1554942798,94,20.71,70.98,67.77,7.07
456,Paysandu,12,UY,1554942716,65,-32.32,-58.08,73.08,7.18
457,Guaiba,0,BR,1554942495,83,-30.11,-51.33,72.0,8.05
458,Beloha,92,MG,1554942802,93,-25.17,45.06,73.8,5.28
459,Moa,20,CU,1554942805,69,20.66,-74.95,72.63,4.27
460,Willowmore,0,ZA,1554942806,76,-33.3,23.49,48.96,1.36
461,Boca do Acre,0,BR,1554942808,87,-8.76,-67.39,77.4,2.04
462,Bitung,20,ID,1554940800,74,1.44,125.19,86.0,2.24
463,Sao Filipe,0,CV,1554942811,97,14.9,-24.5,71.37,18.25
464,Vila Velha,40,BR,1554942489,83,-3.71,-38.6,82.4,5.82
465,Vila Franca do Campo,75,PT,1554942775,93,37.72,-25.43,62.6,13.87
466,Masaya,40,NI,1554940800,52,11.98,-86.09,89.6,11.41
467,Boone,1,US,1554942612,34,36.22,-81.67,69.8,2.59
468,Bela Palanka,0,RS,1554940800,81,43.22,22.31,51.8,2.24
469,Camargo,0,MX,1554942821,7,27.69,-105.17,85.95,23.4
470,Pokhara,32,NP,1554942822,74,28.21,83.99,47.07,1.81
471,Samarai,92,PG,1554942824,100,-10.62,150.67,82.71,7.4
472,Kawalu,20,ID,1554942826,96,-7.38,108.21,68.22,2.15
473,Dudinka,68,RU,1554942726,86,69.41,86.18,8.64,9.75
474,San Pedro,56,AR,1554942395,93,-33.68,-59.66,61.0,4.0
475,Nanakuli,75,US,1554942597,83,21.39,-158.15,84.2,13.87
476,Huty,44,UA,1554942835,82,50.13,35.35,52.38,8.41
477,Tazovskiy,48,RU,1554942638,74,67.47,78.7,3.15,9.53
478,Port Blair,0,IN,1554942838,100,11.67,92.75,84.42,4.16
479,Kuching,75,MY,1554940800,94,1.56,110.34,78.8,2.24
480,Puerto Escondido,5,MX,1554939900,70,15.86,-97.07,84.2,13.11
481,Sechura,0,PE,1554942844,70,-5.56,-80.82,76.32,11.88
482,Mitsamiouli,8,KM,1554942846,99,-11.38,43.28,82.35,2.48
483,Mount Isa,0,AU,1554940800,32,-20.73,139.49,80.6,9.17
484,Celina,75,US,1554942831,70,40.55,-84.57,46.99,13.87
485,Taywarah,92,AF,1554942851,97,33.35,64.42,41.67,0.69
486,Poletayevo,0,RU,1554942605,49,55.04,61.11,46.4,11.18
487,Namibe,0,AO,1554942854,100,-15.19,12.15,74.79,12.21
488,Junction City,1,US,1554942809,37,39.03,-96.83,84.2,16.11
489,Tamandare,68,BR,1554942858,73,-8.28,-70.75,81.0,5.17
490,Marzuq,0,YE,1554942859,88,14.4,46.47,53.73,2.71
491,Kabwe,44,ZM,1554942861,64,-14.44,28.44,70.38,11.99
492,Tyrma,76,RU,1554942863,42,50.04,132.17,40.05,3.49
493,Kushima,75,JP,1554942745,54,31.5,131.29,57.2,9.17
494,Mezen,92,RU,1554942866,78,65.85,44.24,25.02,7.63
495,Nemuro,40,JP,1554940800,99,43.32,145.57,42.8,3.36
496,Bure,32,NG,1554942869,55,10.52,10.33,76.95,6.62
497,San Agustin,36,VE,1554942871,61,10.2,-63.54,77.49,1.92
498,Broome,0,GB,1554942872,69,52.47,1.45,43.0,8.05
499,Tiarei,75,PF,1554942743,58,-17.53,-149.33,87.8,9.17
500,Barao de Melgaco,48,BR,1554942876,87,-16.19,-55.97,78.21,3.15
501,Joensuu,90,FI,1554942726,79,62.6,29.76,26.01,9.17
502,Qasigiannguit,20,GL,1554940200,79,68.82,-51.19,26.6,3.36
503,Makakilo City,75,US,1554942879,83,21.35,-158.09,84.2,13.87
504,Svetlaya,12,RU,1554942885,79,46.54,138.33,38.88,4.27
505,Tabuk,24,PH,1554942886,90,17.41,121.44,73.35,1.92
506,Manzanillo,80,CU,1554942888,97,20.34,-77.12,82.17,11.77
507,Uglovskoye,0,RU,1554942890,59,51.36,80.19,33.75,8.19
508,Martapura,20,ID,1554940800,94,-3.41,114.85,80.6,4.7
509,Thio,20,NC,1554940800,61,-21.61,166.22,82.4,9.17
510,Kangaatsiaq,0,GL,1554942895,93,68.31,-53.46,23.85,9.75
511,Dimapur,0,IN,1554942624,86,25.91,93.73,58.59,2.26
512,Belmonte,0,PT,1554942820,89,40.36,-7.35,46.99,6.62
513,Kalianget,24,ID,1554942900,100,-7.74,113.68,76.77,4.38
514,Suihua,0,CN,1554942901,77,46.64,126.99,41.49,4.61
515,Hami,88,CN,1554942903,50,42.84,93.51,45.0,2.71
516,Chapais,90,CA,1554941460,79,49.78,-74.86,24.8,12.75
517,Tual,76,ID,1554942906,100,-5.67,132.75,80.82,9.53
518,Belyy Yar,0,RU,1554940800,53,53.6,91.39,26.6,2.24
519,Sola,0,NO,1554942905,74,58.89,5.65,39.0,3.36
520,Noumea,20,NC,1554940800,61,-22.28,166.46,82.4,9.17
521,Sajanan,48,TN,1554940800,87,37.06,9.24,55.4,4.7
522,Zhigalovo,32,RU,1554942915,71,54.81,105.15,30.96,7.29
523,Ocampo,56,PH,1554942917,91,13.56,123.37,80.73,5.39
524,Padang,40,ID,1554940800,94,-0.92,100.36,75.2,2.24
525,Mackay,75,CA,1554940800,34,53.65,-115.58,50.0,4.7
526,Salinas,1,US,1554942751,52,36.67,-121.66,71.01,12.75
